Time,Cell1,Cell2,Cell3,Cell4,Cell5,Cell6,Cell7,Cell8,Cell9,Cell10,Cell11,Cell12,Max,Min,Avg
0,0.338795348,0.012047666,0.860550156,0.996503346,0.91792976,0.338943755,0.229708645,0.105603333,0.011818597,0.890860774,0.829487067,0.401577826,0.996503346,0.011818597,0.494485523
0.1,0.121795274,0.818744483,0.397065787,0.077132238,0.416871487,0.728127579,0.144968985,0.155561635,0.243680412,0.831739086,0.954466542,0.493867399,0.954466542,0.077132238,0.448668409
0.2,0.187919674,0.129961327,0.780037737,0.681084363,0.777350823,0.959759226,0.013041311,0.081507615,0.745166717,0.501875965,0.806907685,0.11028343,0.959759226,0.013041311,0.481241323
0.3,0.035038812,0.1391677,0.77027889,0.840044096,0.477609794,0.574354332,0.655475293,0.694718528,0.109950684,0.592496006,0.997683013,0.479411634,0.997683013,0.035038812,0.530519065
0.4,0.520088921,0.768289293,0.691196873,0.973992004,0.994834795,0.824005262,0.734972642,0.490251688,0.197328494,0.904382077,0.849535307,0.917673873,0.994834795,0.197328494,0.738879269
0.5,0.353720056,0.332983811,0.760090528,0.659011759,0.709447321,0.599145739,0.746944292,0.977747396,0.232645792,0.11811323,0.611203378,0.52339138,0.977747396,0.11811323,0.552037057
0.6,0.571727169,0.107945591,0.614302442,0.921512864,0.776878011,0.176759159,0.832768747,0.12836278,0.867697961,0.451456556,0.194797445,0.144252793,0.921512864,0.107945591,0.482371793
0.7,0.757719556,0.423132713,0.218392245,0.185242743,0.840474745,0.912208025,0.480123741,0.474569267,0.862730397,0.333585147,0.373532054,0.873264258,0.912208025,0.185242743,0.561247908
0.8,0.549697709,0.325346673,0.70655282,0.959368364,0.195364619,0.689131933,0.222484799,0.626372315,0.912556353,0.93794779,0.6490142,0.86745107,0.959368364,0.195364619,0.636774054
0.9,0.964543298,0.681743079,0.50883488,0.941728546,0.919736363,0.769443965,0.53452645,0.738612784,0.030676542,0.030222682,0.991567253,0.678832817,0.991567253,0.030222682,0.649205722
1,0.166298003,0.866104053,0.201260039,0.829468312,0.5316842,0.638696731,0.735069026,0.579011461,0.34258658,0.513817776,0.187275759,0.290602428,0.866104053,0.166298003,0.490156197
1.1,0.178737747,0.485212201,0.508362081,0.854577954,0.094722456,0.381842728,0.840367869,0.118730928,0.075448272,0.804930935,0.29088066,0.169370256,0.854577954,0.075448272,0.400265341
1.2,0.095747198,0.937957885,0.087214281,0.439774532,0.420658486,0.0730576,0.419506014,0.822613648,0.59519395,0.333771735,0.766020464,0.314655916,0.937957885,0.0730576,0.442180976
1.3,0.990626106,0.886122666,0.243827712,0.043964507,0.132009399,0.2364003,0.491752521,0.389930297,0.490767025,0.931588307,0.32525916,0.137419033,0.990626106,0.043964507,0.44163892
1.4,0.229952373,0.66948138,0.547675708,0.958027776,0.265538508,0.922280911,0.974758701,0.205625581,0.957898771,0.070344798,0.168519709,0.958597832,0.974758701,0.070344798,0.577391837
1.5,0.70076164,0.050672337,0.003295348,0.43579667,0.102537359,0.949570925,0.328790943,0.36981827,0.424534207,0.717581326,0.459859823,0.223241795,0.949570925,0.003295348,0.397205054
1.6,0.411512168,0.005232628,0.658275114,0.715205023,0.469131724,0.181460814,0.053194842,0.827458071,0.026763239,0.429400837,0.274234048,0.710925049,0.827458071,0.005232628,0.396899463
1.7,0.034619245,0.020469852,0.55600078,0.403563159,0.035954065,0.129953745,0.955839064,0.834545892,0.6455854,0.320293663,0.408924723,0.253358485,0.955839064,0.020469852,0.383259006
1.8,0.006222645,0.463187213,0.670717727,0.564161909,0.629757346,0.491961963,0.594925669,0.322041467,0.79634377,0.481153793,0.698767217,0.3225515,0.79634377,0.006222645,0.503482685
1.9,0.257178273,0.396848091,0.372845716,0.585607681,0.062463742,0.374360953,0.8388621,0.424025872,0.195265001,0.742744514,0.207356289,0.555401088,0.8388621,0.062463742,0.41774661
2,0.798096332,0.956986904,0.858392261,0.295677654,0.369469115,0.642071321,0.773892943,0.355953939,0.091589194,0.277786581,0.899111759,0.970828897,0.970828897,0.091589194,0.607488075
2.1,0.381348401,0.853686093,0.860326183,0.417303531,0.133463385,0.435567202,0.351724643,0.521924116,0.435996981,0.295295996,0.731523296,0.965651814,0.965651814,0.133463385,0.531984303
2.2,0.726233519,0.271872888,0.479844462,0.017137602,0.932097008,0.854286379,0.956300453,0.524984317,0.024427036,0.843654372,0.090853176,0.392097468,0.956300453,0.017137602,0.50948239
2.3,0.421492167,0.753972497,0.129042052,0.649318884,0.928050963,0.183031739,0.645184311,0.452659932,0.703126583,0.944659822,0.41518867,0.169505056,0.944659822,0.129042052,0.532936056
2.4,0.006103669,0.985772877,0.397179322,0.263556925,0.632532702,0.733141944,0.52734754,0.306874041,0.127975736,0.158618871,0.331169989,0.663818107,0.985772877,0.006103669,0.427840977
2.5,0.610287034,0.392341855,0.36980447,0.370581687,0.615204295,0.324873687,0.324503243,0.525411246,0.619724198,0.659845158,0.03383237,0.262171546,0.659845158,0.03383237,0.425715066
2.6,0.3117784,0.058903404,0.282285345,0.964111717,0.763956983,0.567862459,0.335761415,0.692963541,0.991010978,0.576007019,0.018047297,0.739559006,0.991010978,0.018047297,0.525187297
2.7,0.001770004,0.996371554,0.008389858,0.10460131,0.329946412,0.817274058,0.074327852,0.242108121,0.027656123,0.667036623,0.375097973,0.82347578,0.996371554,0.001770004,0.372337972
2.8,0.907449659,0.213262599,0.618996779,0.327377869,0.264040952,0.01007288,0.917954633,0.634450324,0.201252899,0.556269969,0.574881792,0.215302157,0.917954633,0.01007288,0.453442709
2.9,0.320589195,0.296787852,0.545670071,0.732409055,0.430267484,0.459295513,0.661009056,0.526902711,0.688062474,0.139976842,0.186657063,0.058267362,0.732409055,0.058267362,0.420491223
3,0.536284187,0.271260394,0.430769416,0.206537225,0.490357107,0.52990415,0.043572244,0.182375606,0.610778928,0.700756535,0.644126694,0.933144414,0.933144414,0.043572244,0.464988908
3.1,0.555824668,0.688726393,0.975049859,0.951463507,0.28621711,0.727413882,0.617695246,0.054186988,0.828541295,0.243097121,0.465831414,0.432571638,0.975049859,0.054186988,0.568884927
3.2,0.627970003,0.605842454,0.437959546,0.681324728,0.341906272,0.997181998,0.090472152,0.207010632,0.706968957,0.568280381,0.268335418,0.069741596,0.997181998,0.069741596,0.466916178
3.3,0.876431116,0.788398296,0.441138404,0.75439987,0.414092929,0.262918548,0.725003956,0.830694825,0.671547266,0.820808065,0.926954945,0.197318677,0.926954945,0.197318677,0.642475575
3.4,0.052892396,0.453754641,0.577977546,0.883930527,0.518736448,0.955615754,0.386793813,0.010750819,0.141847055,0.883437856,0.676150605,0.965156864,0.965156864,0.010750819,0.542253694
3.5,0.849385092,0.598749106,0.139511906,0.231849098,0.437469486,0.237741573,0.60897569,0.25337991,0.250684972,0.236933403,0.588841669,0.330297634,0.849385092,0.139511906,0.396984962
3.6,0.324725987,0.712013981,0.734841311,0.171343138,0.739681295,0.359088798,0.793392331,0.460248124,0.620534001,0.086767069,0.321423985,0.533512757,0.793392331,0.086767069,0.488131065
3.7,0.373625764,0.706444787,0.998394652,0.38896191,0.009457498,0.281106189,0.533865518,0.243414037,0.257459136,0.313421535,0.911219164,0.618191471,0.998394652,0.009457498,0.469630138
3.8,0.834392235,0.737283741,0.951736254,0.832698614,0.095002267,0.212766013,0.884989282,0.701410688,0.784430306,0.51504542,0.392371764,0.042853579,0.951736254,0.042853579,0.58208168
3.9,0.018294876,0.113397615,0.295440892,0.280692975,0.336090374,0.231851535,0.151492288,0.197280066,0.227520319,0.616920677,0.28159912,0.391866754,0.616920677,0.018294876,0.261870624
4,0.074542088,0.801260135,0.798050686,0.381789653,0.518950785,0.512510791,0.692002541,0.201084639,0.132562992,0.438652212,0.770446998,0.254098047,0.801260135,0.074542088,0.46466263
4.1,0.284594872,0.521984759,0.310773033,0.834464064,0.375202138,0.364874534,0.080904552,0.519960344,0.149838746,0.741283366,0.610288975,0.315566601,0.834464064,0.080904552,0.425811332
4.2,0.224730955,0.203316686,0.028841811,0.944025065,0.549170907,0.98974649,0.449554265,0.832482902,0.922846105,0.274097097,0.828185995,0.772682554,0.98974649,0.028841811,0.584973403
4.3,0.407426572,0.300799456,0.801760814,0.920583346,0.750712845,0.816908187,0.054924049,0.143649173,0.490732072,0.493900674,0.233904808,0.668005238,0.920583346,0.054924049,0.50694227
4.4,0.126405866,0.984434034,0.568486732,0.583653783,0.635706991,0.109968174,0.243684062,0.443087168,0.367092067,0.559309202,0.118582584,0.501891576,0.984434034,0.109968174,0.43685852
4.5,0.495686881,0.388491941,0.46458725,0.984950861,0.305139043,0.595370447,0.603050442,0.240676364,0.440330232,0.343939162,0.200922244,0.840915907,0.984950861,0.200922244,0.492005064
4.6,0.200961312,0.238550718,0.887702349,0.419573052,0.365474978,0.653806231,0.038493376,0.437793848,0.96633883,0.457290426,0.026227231,0.981167321,0.981167321,0.026227231,0.472781639
4.7,0.984238186,0.361644109,0.706972612,0.033431985,0.965543657,0.701303037,0.244968296,0.130731283,0.378129233,0.029125024,0.02050747,0.080051838,0.984238186,0.02050747,0.386387227
4.8,0.851955365,0.390197901,0.016224791,0.358202602,0.085727296,0.583754574,0.863832315,0.189065673,0.861276034,0.158383243,0.838902882,0.057390518,0.863832315,0.016224791,0.437909433
4.9,0.240047786,0.414958755,0.229100277,0.387313307,0.351292138,0.652991253,0.106070072,0.308225126,0.464983337,0.887858182,0.954192132,0.899279182,0.954192132,0.106070072,0.491359296
5,0.7050525,0.460896687,0.150723355,0.755109169,0.618618805,0.674594517,0.0146714,0.800032305,0.735676977,0.394866228,0.049311621,0.136311615,0.800032305,0.0146714,0.457988765
5.1,0.481585369,0.984469789,0.308082018,0.568490667,0.761756831,0.664775199,0.577850667,0.527240265,0.16576819,0.604821391,0.427530416,0.636338571,0.984469789,0.16576819,0.559059115
5.2,0.121812148,0.299918827,0.761141729,0.076510292,0.018468394,0.614198751,0.77955958,0.442584262,0.318001057,0.524154515,0.044457626,0.083762218,0.77955958,0.018468394,0.340380783
5.3,0.271299341,0.279862392,0.532962102,0.030334848,0.826267305,0.619898665,0.824564873,0.433213955,0.693294492,0.299743185,0.596398254,0.398894388,0.826267305,0.030334848,0.483894483
5.4,0.435016435,0.80086805,0.673631859,0.528433947,0.403850149,0.28114502,0.179360282,0.458757989,0.352040332,0.623678853,0.049284749,0.224308968,0.80086805,0.049284749,0.417531386
5.5,0.225296718,0.510119082,0.486849544,0.789408621,0.055700161,0.311046152,0.172821879,0.522370338,0.48607378,0.764396185,0.851215332,0.167547359,0.851215332,0.055700161,0.445237096
5.6,0.994568116,0.137275279,0.436361274,0.434825142,0.605109747,0.708466526,0.926069717,0.312185839,0.98730558,0.521349072,0.340381387,0.108067413,0.994568116,0.108067413,0.542663758
5.7,0.448329762,0.666248875,0.802268501,0.493697225,0.287366284,0.886113745,0.975274639,0.696756372,0.492427878,0.761704937,0.719215348,0.580070308,0.975274639,0.287366284,0.650789489
5.8,0.278917407,0.422795268,0.42290036,0.963892473,0.555129207,0.512822838,0.931258728,0.974668512,0.961182996,0.723579745,0.457497826,0.622339417,0.974668512,0.278917407,0.652248732
5.9,0.433959015,0.166701239,0.736336062,0.443325519,0.648822937,0.74280242,0.328871652,0.751080616,0.075854712,0.92039742,0.548879365,0.213669295,0.92039742,0.075854712,0.500891688
6,0.769542367,0.885763,0.842118437,0.621087351,0.250950257,0.464104246,0.915302515,0.226585721,0.617840051,0.543003427,0.459175675,0.276469071,0.915302515,0.226585721,0.572661843
6.1,0.145431153,0.960279994,0.155046277,0.753238897,0.090626271,0.339801049,0.968192972,0.471046424,0.739254158,0.373097623,0.340562813,0.95778077,0.968192972,0.090626271,0.524529867
6.2,0.579138571,0.52750519,0.798645302,0.226893159,0.967529902,0.565613191,0.603008566,0.869088234,0.522183986,0.080129072,0.702943817,0.001909731,0.967529902,0.001909731,0.53704906
6.3,0.236047992,0.063526663,0.542815547,0.773745132,0.847989558,0.619012789,0.212736014,0.32890464,0.046101684,0.485922155,0.307968332,0.286717288,0.847989558,0.046101684,0.395957316
6.4,0.961671693,0.955517164,0.923180953,0.836955452,0.806561244,0.045670654,0.09937941,0.720395347,0.70093382,0.128887314,0.545083712,0.602868775,0.961671693,0.045670654,0.610592128
6.5,0.206261675,0.072420496,0.080688707,0.177696171,0.201278926,0.856648801,0.682186659,0.438021771,0.094776249,0.77834866,0.209448022,0.752155981,0.856648801,0.072420496,0.37916101
6.6,0.825887452,0.53495712,0.307067586,0.315132465,0.278000152,0.515545243,0.461094885,0.614508493,0.738817119,0.403267925,0.486455304,0.12809431,0.825887452,0.12809431,0.467402338
6.7,0.625709295,0.896690455,0.243144549,0.310004258,0.781961211,0.431367266,0.936446246,0.238756774,0.681598525,0.285126267,0.686423689,0.813083645,0.936446246,0.238756774,0.577526015
6.8,0.200283356,0.812819112,0.313313215,0.584866409,0.176008607,0.542345081,0.429248829,0.444063554,0.198910342,0.211337012,0.100279004,0.038453933,0.812819112,0.038453933,0.337660705
6.9,0.093087529,0.809401232,0.974933655,0.574038218,0.902309242,0.95796555,0.290853047,0.620221249,0.381006922,0.006289609,0.855069414,0.042539531,0.974933655,0.006289609,0.5423096
7,0.672622065,0.653776819,0.667274889,0.114880087,0.336972319,0.886241293,0.863865737,0.651987408,0.397312382,0.690156762,0.690912438,0.858833782,0.886241293,0.114880087,0.623736332
7.1,0.177704046,0.93229075,0.769629702,0.21022303,0.870437023,0.363065272,0.769592554,0.663987274,0.353161905,0.658146112,0.748532009,0.202668246,0.93229075,0.177704046,0.55995316
7.2,0.434748945,0.827886008,0.706921697,0.328421575,0.372943861,0.081263591,0.977034843,0.699645592,0.39510281,0.916797214,0.624909071,0.906650061,0.977034843,0.081263591,0.606027106
7.3,0.485015235,0.539799332,0.767608001,0.331470049,0.732301089,0.20082771,0.117062265,0.743680319,0.674198876,0.383367954,0.344470852,0.362111995,0.767608001,0.117062265,0.473492806
7.4,0.096525273,0.306039781,0.243171534,0.685561269,0.459133972,0.684311952,0.696726975,0.108748557,0.347809207,0.732091261,0.078251541,0.711624873,0.732091261,0.078251541,0.42916635
7.5,0.237546501,0.519234174,0.2185384,0.10904036,0.520227285,0.56379487,0.915165082,0.321723977,0.807764932,0.388588027,0.232275879,0.196945424,0.915165082,0.10904036,0.419237076
7.6,0.876007323,0.264090641,0.521441517,0.062038841,0.914206081,0.323192417,0.353514135,0.738390961,0.82416776,0.9389204,0.36391012,0.154160865,0.9389204,0.062038841,0.527836755
7.7,0.569068684,0.280744976,0.975572823,0.434775673,0.218145023,0.888986385,0.173883191,0.455502621,0.299642026,0.405887062,0.371863199,0.975095636,0.975572823,0.173883191,0.504097275
7.8,0.122742612,0.413261306,0.479947292,0.628219548,0.349103357,0.204751305,0.40390222,0.584082309,0.714087098,0.447292441,0.026857921,0.834618337,0.834618337,0.026857921,0.434072145
7.9,0.163502241,0.82504272,0.084386868,0.234056679,0.295933988,0.463588657,0.816694058,0.292984609,0.040055456,0.014428422,0.332691665,0.370919396,0.82504272,0.014428422,0.327857063
8,0.341870059,0.520510456,0.197949781,0.910936296,0.390201125,0.449679785,0.576785098,0.373998314,0.545644902,0.441937823,0.98184524,0.476780211,0.98184524,0.197949781,0.517344924
8.1,0.776432239,0.283396362,0.568364648,0.166514294,0.942416825,0.442713927,0.598053917,0.474780825,0.608755838,0.269492296,0.036718686,0.501152627,0.942416825,0.036718686,0.472399374
8.2,0.015743406,0.697545267,0.716958299,0.560601961,0.664680606,0.302266679,0.848272798,0.521686258,0.667669842,0.413699711,0.879616678,0.181833797,0.879616678,0.015743406,0.539214608
8.3,0.528729625,0.128881938,0.776277103,0.491945263,0.803548382,0.07780903,0.890983337,0.804997413,0.325696761,0.445283386,0.71488156,0.182421918,0.890983337,0.07780903,0.514287976
8.4,0.335917826,0.278813741,0.742469296,0.48953165,0.621600232,0.946834665,0.562779121,0.736327843,0.755731081,0.714760498,0.685861389,0.43059132,0.946834665,0.278813741,0.608434889
8.5,0.518026086,0.574773872,0.240744902,0.3889361,0.485579292,0.606548418,0.198766458,0.705331233,0.761294561,0.46864213,0.709226002,0.359978719,0.761294561,0.198766458,0.501487314
8.6,0.35511728,0.489459517,0.463284835,0.911787304,0.766205566,0.324506268,0.259272609,0.391458013,0.126028612,0.721742069,0.124578925,0.895043467,0.911787304,0.124578925,0.485707039
8.7,0.084845649,0.368497089,0.153032699,0.160986222,0.256280023,0.719062748,0.912126674,0.506777129,0.090385813,0.22068534,0.28158641,0.458263703,0.912126674,0.084845649,0.351044125
8.8,0.407487169,0.670115218,0.641946272,0.186429977,0.756595276,0.132342241,0.454420481,0.213671898,0.504579671,0.639743494,0.333378231,0.689108886,0.756595276,0.132342241,0.469151568
8.9,0.513586946,0.037395714,0.690970655,0.232871233,0.936958485,0.243987466,0.600046929,0.825303601,0.169062182,0.369503698,0.711168663,0.07437876,0.936958485,0.037395714,0.450436194
9,0.635910509,0.089519317,0.587278082,0.96345303,0.616594272,0.988979066,0.193417264,0.554326769,0.749114119,0.747687243,0.031249755,0.694591189,0.988979066,0.031249755,0.571010051
9.1,0.546477356,0.485337189,0.62670553,0.305916678,0.168268796,0.552004112,0.804302892,0.552233764,0.231775218,0.785402185,0.564657804,0.473486157,0.804302892,0.168268796,0.508047307
9.2,0.170729568,0.771292849,0.145539818,0.438097543,0.847651541,0.165531873,0.775997109,0.601814067,0.523618142,0.287081184,0.047163537,0.439581186,0.847651541,0.047163537,0.434508201
9.3,0.434646509,0.542890782,0.827949361,0.01935053,0.160823835,0.638034287,0.926667448,0.092417231,0.029822466,0.322568846,0.001436907,0.160495926,0.926667448,0.001436907,0.346425344
9.4,0.33098806,0.416957762,0.094127548,0.460787619,0.783401673,0.911062099,0.834332848,0.250937543,0.042552956,0.494679186,0.155899882,0.301573114,0.911062099,0.042552956,0.423108358
9.5,0.828618821,0.340175955,0.883663986,0.441952699,0.190517314,0.56495472,0.53386469,0.420022085,0.540157305,0.814271679,0.4201205,0.099295888,0.883663986,0.099295888,0.50646797
9.6,0.226772958,0.015337817,0.722298566,0.148998745,0.143714489,0.513158341,0.311576576,0.88462762,0.600220751,0.681064826,0.105094271,0.019082645,0.88462762,0.015337817,0.364328967
9.7,0.527280071,0.266028169,0.824900412,0.607942686,0.229253305,0.402984038,0.435702905,0.377443181,0.326671822,0.29311987,0.142866023,0.843929271,0.843929271,0.142866023,0.439843479
9.8,0.604053353,0.04947663,0.335225149,0.48760446,0.952690717,0.000121031,0.598944141,0.070325642,0.95376172,0.797807523,0.477103992,0.110235395,0.95376172,0.000121031,0.453112479
9.9,0.446996887,0.696081869,0.830204579,0.542604864,0.394173616,0.156192236,0.46916876,0.525828325,0.589528103,0.789572177,0.352964187,0.056401712,0.830204579,0.056401712,0.487476443
10,0.97749748,0.509699333,0.913071077,0.465459945,0.267835827,0.070171511,0.331773611,0.945297461,0.518018906,0.133805684,0.429737574,0.405501575,0.97749748,0.070171511,0.497322499
10.1,0.098615723,0.44485618,0.436031287,0.680043645,0.722463983,0.361140359,0.329678251,0.352316942,0.031722991,0.545228468,0.347482441,0.144420733,0.722463983,0.031722991,0.374500084
10.2,0.832272311,0.357645794,0.806982284,0.460499885,0.475972748,0.920727162,0.116213178,0.5742225,0.073683333,0.445129951,0.234210908,0.694122432,0.920727162,0.073683333,0.499306874
10.3,0.886300525,0.029519058,0.522279414,0.407487231,0.670934769,0.710602358,0.382009454,0.702977123,0.562174351,0.144081682,0.494293714,0.517381147,0.886300525,0.029519058,0.502503402
10.4,0.76087901,0.50319944,0.709825542,0.144479955,0.773751075,0.051564276,0.206933882,0.52425085,0.536337903,0.99702799,0.705756685,0.304223455,0.99702799,0.051564276,0.518185838
10.5,0.553869573,0.461261724,0.731927071,0.593360365,0.721412359,0.718325609,0.802404033,0.541620993,0.247580859,0.838390008,0.934914642,0.294804669,0.934914642,0.247580859,0.619989325
10.6,0.449892335,0.89252671,0.85551358,0.384907083,0.8062442,0.88138815,0.328245153,0.975754374,0.223554898,0.418620188,0.968673387,0.912803617,0.975754374,0.223554898,0.67484364
10.7,0.327132637,0.650944331,0.855810959,0.065434772,0.365381473,0.905399013,0.363439512,0.7823229,0.085763252,0.879470468,0.361629651,0.564167664,0.905399013,0.065434772,0.517241386
10.8,0.916595498,0.404451646,0.658126358,0.93045712,0.567991253,0.497756684,0.787825575,0.532131559,0.345459845,0.826424028,0.823517205,0.06030642,0.93045712,0.06030642,0.612586933
10.9,0.6702708,0.163326711,0.030713167,0.339238329,0.563120987,0.042215187,0.664124199,0.961641891,0.664471015,0.177557332,0.635642301,0.459332023,0.961641891,0.030713167,0.447637829
11,0.073520688,0.106784181,0.274643788,0.364834618,0.324617435,0.184542292,0.959040291,0.364187967,0.625326716,0.735460494,0.309053035,0.182787399,0.959040291,0.073520688,0.375399909
11.1,0.607388216,0.1466476,0.539398776,0.564270053,0.48068507,0.957534284,0.208019967,0.457866058,0.879891874,0.530761807,0.337068616,0.204405505,0.957534284,0.1466476,0.492828152
11.2,0.398538594,0.870858877,0.793889875,0.514222734,0.943395011,0.14422591,0.172410336,0.456681442,0.301950775,0.834519406,0.2749913,0.539093969,0.943395011,0.14422591,0.520398186
11.3,0.311696756,0.283447114,0.290721479,0.729531833,0.069831727,0.397967065,0.601579212,0.104945119,0.906541915,0.76598212,0.518276792,0.485159457,0.906541915,0.069831727,0.455473383
11.4,0.84781895,0.274796795,0.917547846,0.340191713,0.087328234,0.086074025,0.543684578,0.884167146,0.655674201,0.895373011,0.389950625,0.568865137,0.917547846,0.086074025,0.540956022
11.5,0.162582113,0.746572776,0.227587404,0.579361637,0.341376408,0.886289051,0.705985132,0.507206291,0.302780862,0.160032841,0.380443129,0.082471413,0.886289051,0.082471413,0.423557421
11.6,0.053148962,0.431474208,0.668029686,0.734018259,0.388235136,0.708384289,0.844070357,0.674984339,0.591498759,0.168977782,0.363187948,0.293226905,0.844070357,0.053148962,0.493269719
11.7,0.303609898,0.108115348,0.732130955,0.407866552,0.513709956,0.117104209,0.241407966,0.749502015,0.252898716,0.425693428,0.876554394,0.818977245,0.876554394,0.108115348,0.462297557
11.8,0.241790785,0.059546456,0.745462655,0.953987976,0.602639618,0.881245532,0.020196995,0.487838193,0.031753418,0.64036177,0.802477796,0.197547268,0.953987976,0.020196995,0.472070705
11.9,0.441820232,0.166519155,0.907779545,0.610227748,0.10451578,0.233878735,0.650760723,0.750753581,0.928462405,0.106805097,0.406983621,0.891869699,0.928462405,0.10451578,0.516698027
12,0.293328099,0.570442727,0.287019636,0.873080761,0.082231679,0.501051048,0.383899102,0.241881022,0.415234935,0.265867206,0.617716921,0.519503444,0.873080761,0.082231679,0.420938048
12.1,0.015732716,0.436989393,0.934350238,0.087751345,0.42631238,0.727975216,0.959290585,0.645536515,0.675833222,0.279106706,0.859025012,0.202054084,0.959290585,0.015732716,0.520829784
12.2,0.744680039,0.628850092,0.677303433,0.446190727,0.560415491,0.871233841,0.574840463,0.500907861,0.884752328,0.559148829,0.062118816,0.54813286,0.884752328,0.062118816,0.588214565
12.3,0.155138521,0.023014472,0.951711597,0.858885738,0.392373708,0.045609392,0.449850012,0.225572525,0.177148524,0.437864914,0.812761333,0.000492106,0.951711597,0.000492106,0.377535237
12.4,0.732077782,0.061954843,0.735110061,0.260303926,0.087095916,0.189103504,0.139021759,0.41167006,0.006936842,0.486160699,0.122776468,0.165096499,0.735110061,0.006936842,0.28310903
12.5,0.637977582,0.78664561,0.625825182,0.300632016,0.320374026,0.818956119,0.920235585,0.925480847,0.513486766,0.401269215,0.013058665,0.722415977,0.925480847,0.013058665,0.582196466
12.6,0.991150885,0.30380166,0.637019929,0.643610102,0.189153423,0.329532519,0.576138992,0.981723126,0.426957283,0.611007763,0.715574558,0.275795486,0.991150885,0.189153423,0.556788811
12.7,0.65216783,0.219488932,0.792627655,0.073511985,0.331876356,0.414256195,0.27478163,0.678619044,0.685428651,0.081748994,0.462703288,0.039657665,0.792627655,0.039657665,0.392239019
12.8,0.529097236,0.604424337,0.802610264,0.452296453,0.838495011,0.514726593,0.322209407,0.062856091,0.38040653,0.33120877,0.321708671,0.997441042,0.997441042,0.062856091,0.513123367
12.9,0.553881201,0.137082943,0.547394224,0.65444581,0.726857382,0.153231235,0.207918581,0.909793974,0.671083887,0.606236075,0.353042795,0.622260215,0.909793974,0.137082943,0.511935693
13,0.556823876,0.727279134,0.048688287,0.73539106,0.599643913,0.826634571,0.292013408,0.043726768,0.759634778,0.22859373,0.881008603,0.251876668,0.881008603,0.043726768,0.4959429
13.1,0.625158615,0.978855139,0.318969512,0.387485937,0.871451762,0.634455511,0.022937868,0.971872146,0.011380226,0.328148439,0.493809189,0.064799242,0.978855139,0.011380226,0.475776966
13.2,0.614257858,0.670136845,0.79518766,0.402335555,0.768542213,0.621302517,0.537163491,0.585882881,0.546604342,0.920518724,0.255816602,0.813760081,0.920518724,0.255816602,0.627625731
13.3,0.08232336,0.896022749,0.875569151,0.591717122,0.111442102,0.601022152,0.40176979,0.953602586,0.765411722,0.479541786,0.414324937,0.691511827,0.953602586,0.08232336,0.572021607
13.4,0.275694167,0.348594831,0.890296672,0.453966212,0.533266725,0.401063194,0.035330797,0.727611664,0.801171451,0.731858671,0.554665622,0.043544787,0.890296672,0.035330797,0.483088733
13.5,0.884517262,0.114602599,0.755412419,0.079679351,0.092452648,0.333044894,0.786201277,0.352028522,0.205612588,0.971400922,0.281089675,0.884929444,0.971400922,0.079679351,0.4784143
13.6,0.089066301,0.005897223,0.874821292,0.895293899,0.152337703,0.724200852,0.208467222,0.611525319,0.96698222,0.463761577,0.52858295,0.87579929,0.96698222,0.005897223,0.533061321
13.7,0.485683323,0.280414588,0.852489679,0.927293161,0.738591968,0.624329628,0.795755495,0.610349927,0.859322499,0.562783096,0.959098037,0.023762722,0.959098037,0.023762722,0.643322843
13.8,0.938656702,0.88360493,0.035383074,0.476517339,0.312508277,0.283822153,0.127615123,0.036526169,0.650038709,0.449570225,0.359430483,0.814572781,0.938656702,0.035383074,0.447353831
13.9,0.671456253,0.890351002,0.841476444,0.499605583,0.387817594,0.380363359,0.249484464,0.110615906,0.507671328,0.437142453,0.81978821,0.392681282,0.890351002,0.110615906,0.51570449
14,0.729146086,0.864497239,0.434557738,0.347699467,0.306130438,0.221160983,0.055461647,0.153010567,0.62057771,0.856229911,0.705148289,0.482645933,0.864497239,0.055461647,0.481355501
14.1,0.365874543,0.033768843,0.98009524,0.600778276,0.399448809,0.39668684,0.280790733,0.500166935,0.341882682,0.714688131,0.976417555,0.253362416,0.98009524,0.033768843,0.48699675
14.2,0.509063784,0.165967187,0.328321747,0.772494462,0.609021163,0.614347841,0.343739694,0.974263796,0.40765655,0.828621141,0.885168172,0.86206874,0.974263796,0.165967187,0.608394523
14.3,0.202855005,0.05289203,0.245624539,0.390230895,0.647152759,0.202115344,0.022987881,0.635926804,0.363456339,0.253051169,0.742758735,0.702686535,0.742758735,0.022987881,0.371811503
14.4,0.456754903,0.237495815,0.432694143,0.895924526,0.97671537,0.34443147,0.857166431,0.513023669,0.600642238,0.87304497,0.474981318,0.147456298,0.97671537,0.147456298,0.567527596
14.5,0.993473454,0.189136113,0.151033827,0.65237827,0.999133421,0.419210133,0.314679751,0.398103142,0.486755976,0.556388505,0.786141389,0.701776717,0.999133421,0.151033827,0.554017558
14.6,0.125968384,0.733511892,0.475740141,0.775479752,0.34076697,0.628867153,0.312796426,0.135602867,0.119928537,0.804256279,0.775124044,0.139410178,0.804256279,0.119928537,0.447287719
14.7,0.521695141,0.269490261,0.618565113,0.026602804,0.755588742,0.336924961,0.775083083,0.61577089,0.074758381,0.950808045,0.981372098,0.351907806,0.981372098,0.026602804,0.523213944
14.8,0.250434916,0.907993475,0.78994181,0.345859217,0.654183102,0.260371495,0.380543603,0.161300518,0.991464162,0.420663864,0.500347827,0.071934443,0.991464162,0.071934443,0.477919869
14.9,0.511052019,0.598938556,0.455870928,0.441636477,0.192296855,0.446486614,0.356526346,0.343255224,0.992998224,0.297862771,0.406943218,0.779803876,0.992998224,0.192296855,0.485305926
15,0.651088632,0.633724686,0.771222589,0.372473763,0.529041469,0.754700376,0.576296028,0.149664428,0.287541745,0.086946533,0.110873739,0.138929309,0.771222589,0.086946533,0.421875275
15.1,0.236452535,0.26395664,0.774628472,0.350369395,0.740893646,0.305383967,0.023087668,0.046557088,0.402572087,0.391973827,0.130581705,0.315064246,0.774628472,0.023087668,0.33179344
15.2,0.388092897,0.121759632,0.007396064,0.649521851,0.442246023,0.66065233,0.906391771,0.13417169,0.921040424,0.438486203,0.463454213,0.135620321,0.921040424,0.007396064,0.439069452
15.3,0.450942793,0.763125274,0.055400052,0.160492873,0.029611759,0.30164218,0.474586224,0.826231679,0.482510176,0.784696257,0.313261135,0.152744739,0.826231679,0.029611759,0.399603762
15.4,0.044254183,0.563527428,0.475861416,0.24950442,0.722608419,0.835264642,0.076329098,0.826765523,0.025471296,0.640962968,0.697457088,0.197321378,0.835264642,0.025471296,0.446277322
15.5,0.945672889,0.823586782,0.095951337,0.104675799,0.613359094,0.408925697,0.380599537,0.972072548,0.932329324,0.340510491,0.390982888,0.2785375,0.972072548,0.095951337,0.523933657
15.6,0.282658833,0.180046512,0.023362291,0.951021911,0.615422212,0.962923491,0.293696484,0.285918291,0.902832813,0.44879298,0.115364889,0.744958925,0.962923491,0.023362291,0.483916636
15.7,0.578131137,0.478328695,0.811490361,0.54357692,0.093208455,0.508267675,0.177639446,0.017043664,0.329552562,0.682853201,0.508726144,0.179481337,0.811490361,0.017043664,0.409024966
15.8,0.144236275,0.362791723,0.545188534,0.74822367,0.647135072,0.062278115,0.758926198,0.103148232,0.067814489,0.08585419,0.463957089,0.697052982,0.758926198,0.062278115,0.390550547
15.9,0.689679231,0.998526708,0.074131722,0.176493317,0.238110875,0.472915893,0.54893127,0.131914489,0.519521231,0.468929599,0.493540452,0.29963719,0.998526708,0.074131722,0.426027665
16,0.866256465,0.258703728,0.166136073,0.506368433,0.874053969,0.055631419,0.550914653,0.732275911,0.54771449,0.077700746,0.714484546,0.474521242,0.874053969,0.055631419,0.485396806
16.1,0.088485456,0.2345257,0.896403622,0.386997029,0.00184468,0.153459557,0.954838977,0.777405633,0.019802567,0.736676231,0.015328344,0.73782361,0.954838977,0.00184468,0.416965951
16.2,0.88462354,0.73319029,0.153548395,0.173679812,0.891827115,0.733225995,0.591036052,0.403868774,0.628828654,0.096453412,0.264389052,0.890739993,0.891827115,0.096453412,0.53711759
16.3,0.488535817,0.087208698,0.621445546,0.333245606,0.359628385,0.461162502,0.360168146,0.243895646,0.760468333,0.72522609,0.997964693,0.48407022,0.997964693,0.087208698,0.493584973
16.4,0.743393078,0.198798034,0.019581723,0.065710812,0.655279922,0.352825713,0.627480504,0.057284405,0.316188773,0.906256216,0.457991829,0.285645384,0.906256216,0.019581723,0.390536366
16.5,0.11863876,0.322851512,0.157029977,0.764555539,0.020136892,0.318392489,0.635559398,0.822353037,0.955828178,0.160816451,0.786669535,0.419753672,0.955828178,0.020136892,0.45688212
16.6,0.281777583,0.39408931,0.65469901,0.240255157,0.372450893,0.737947857,0.005132456,0.684924152,0.431840659,0.274873073,0.800226046,0.641888426,0.800226046,0.005132456,0.460008718
16.7,0.097216438,0.547847704,0.243188423,0.177242417,0.894167227,0.858347372,0.552595743,0.801372604,0.222299507,0.840752486,0.800740275,0.24380855,0.894167227,0.097216438,0.523298229
16.8,0.986743558,0.742461065,0.765781456,0.584462632,0.622118648,0.805029115,0.085871964,0.444015443,0.419380792,0.668096541,0.648341121,0.677914739,0.986743558,0.085871964,0.620851423
16.9,0.640249831,0.581910117,0.038012367,0.252273601,0.152910354,0.930875397,0.760084467,0.251681287,0.888090875,0.440459802,0.105120942,0.188170892,0.930875397,0.038012367,0.435819994
17,0.480864847,0.605526466,0.543960634,0.054034521,0.871034342,0.030354826,0.678203635,0.439640907,0.121465275,0.134996103,0.207599395,0.822618177,0.871034342,0.030354826,0.415858261
17.1,0.023576292,0.968252154,0.830767719,0.293254297,0.325082027,0.617053795,0.398829983,0.856299386,0.781143242,0.919346401,0.420646152,0.686574205,0.968252154,0.023576292,0.593402138
17.2,0.207925866,0.217950776,0.472300025,0.99117856,0.09924284,0.99110525,0.08689441,0.847570312,0.006173102,0.796029888,0.505502718,0.767549564,0.99117856,0.006173102,0.499118609
17.3,0.859365354,0.615880097,0.803851863,0.83220779,0.36734678,0.950349616,0.567060195,0.116955287,0.575630363,0.402663539,0.488223027,0.903049043,0.950349616,0.116955287,0.62354858
17.4,0.45177349,0.064160382,0.744217034,0.243762257,0.926210389,0.724484783,0.951900492,0.532536721,0.289623564,0.551954668,0.822510521,0.855120751,0.951900492,0.064160382,0.596521254
17.5,0.346161967,0.702584337,0.974413498,0.933597787,0.827430312,0.725480999,0.600964889,0.700798532,0.630247882,0.005519972,0.61409222,0.889610342,0.974413498,0.005519972,0.662575228
17.6,0.474348895,0.815484634,0.276300065,0.38923026,0.559138841,0.616841594,0.005846537,0.804746878,0.628327613,0.212712421,0.873267204,0.065605745,0.873267204,0.005846537,0.476820891
17.7,0.989605821,0.156123434,0.629194305,0.894442234,0.132378632,0.474033174,0.900942635,0.403936763,0.33944238,0.594016413,0.373742174,0.378156822,0.989605821,0.132378632,0.522167899
17.8,0.226285686,0.209100441,0.39866084,0.982806806,0.686027778,0.223553148,0.246153128,0.895993412,0.741258365,0.303092211,0.57691609,0.32876119,0.982806806,0.209100441,0.484884091
17.9,0.224088349,0.054278205,0.260351412,0.47221968,0.463244123,0.104030918,0.403714353,0.895751939,0.867249742,0.780864379,0.875185258,0.79323981,0.895751939,0.054278205,0.516184847
18,0.205083935,0.071667361,0.082281486,0.942760306,0.879494593,0.228115936,0.676679587,0.53776188,0.428012959,0.855025536,0.427795199,0.991954438,0.991954438,0.071667361,0.527219435
18.1,0.423311353,0.031290351,0.225265095,0.838933956,0.982413735,0.46815157,0.865842944,0.431273525,0.16664908,0.675267798,0.630789698,0.440655316,0.982413735,0.031290351,0.514987035
18.2,0.882021777,0.500061741,0.613880615,0.416794238,0.454229225,0.475854585,0.590285789,0.916558557,0.268278753,0.796263181,0.643199089,0.810724425,0.916558557,0.268278753,0.614012665
18.3,0.485705814,0.5701598,0.363002523,0.86030787,0.710543877,0.994954902,0.800452596,0.279507245,0.736006644,0.662019193,0.75549969,0.129395131,0.994954902,0.129395131,0.612296274
18.4,0.463712941,0.354026807,0.576790358,0.580938447,0.499239789,0.694623631,0.612786281,0.630423561,0.629531924,0.841582452,0.340513657,0.302647966,0.841582452,0.302647966,0.543901485
18.5,0.150335664,0.662649976,0.419718085,0.031152858,0.757496777,0.740835067,0.965190357,0.036619,0.235315527,0.725203804,0.248235957,0.270685632,0.965190357,0.031152858,0.436953225
18.6,0.994672915,0.416527404,0.966744882,0.366707754,0.548849508,0.442646607,0.651810694,0.942042889,0.651047904,0.560466599,0.11860923,0.033048097,0.994672915,0.033048097,0.55776454
18.7,0.559569885,0.773414579,0.989393444,0.066837697,0.153698793,0.212102887,0.552248453,0.821187124,0.467115033,0.201339497,0.951396335,0.149757005,0.989393444,0.066837697,0.491505061
18.8,0.977291605,0.713342815,0.476661485,0.464633363,0.658652113,0.997221731,0.00039941,0.348792717,0.709367288,0.036576721,0.298874543,0.698763519,0.997221731,0.00039941,0.531714776
18.9,0.870506818,0.454353009,0.645445119,0.561275938,0.129498429,0.18340525,0.673875805,0.648645302,0.425758925,0.790114238,0.343715472,0.982215689,0.982215689,0.129498429,0.559067499
19,0.05908048,0.736721395,0.936111457,0.860290387,0.853250387,0.055992576,0.964995253,0.264591546,0.633109734,0.914270761,0.688469861,0.183256202,0.964995253,0.055992576,0.595845003
19.1,0.565665949,0.474589688,0.586660271,0.954147719,0.724529155,0.196522571,0.750492155,0.643539414,0.619061788,0.990239384,0.626154982,0.049860145,0.990239384,0.049860145,0.598455268
19.2,0.012613805,0.061657048,0.720706172,0.402510079,0.715648189,0.01472433,0.392551699,0.645352534,0.0888142,0.382633467,0.031920132,0.977562338,0.977562338,0.012613805,0.370557833
19.3,0.185961159,0.175517066,0.661855487,0.134701569,0.740972851,0.097591093,0.99720173,0.125774573,0.743390948,0.30762268,0.590519518,0.797928494,0.99720173,0.097591093,0.463253097
19.4,0.439593076,0.999993569,0.50313642,0.868820395,0.377084056,0.667232279,0.648428135,0.33620122,0.385892072,0.579032438,0.219530988,0.026944211,0.999993569,0.026944211,0.504324072
19.5,0.700643677,0.893085434,0.374544664,0.848326502,0.403855736,0.208658391,0.797866874,0.624569534,0.554088375,0.425503058,0.899091531,0.209429999,0.899091531,0.208658391,0.578305315
19.6,0.694384459,0.089911371,0.196025598,0.049405657,0.05093568,0.54349188,0.231058327,0.228548155,0.480785658,0.468045416,0.077747554,0.150362748,0.694384459,0.049405657,0.271725209
19.7,0.744105378,0.247166074,0.751308187,0.670571583,0.193607473,0.404182674,0.391106066,0.398215392,0.806277707,0.539108832,0.913297568,0.782055785,0.913297568,0.193607473,0.57008356
19.8,0.779234031,0.969003946,0.563834833,0.432647693,0.537149678,0.670735683,0.894625521,0.762378152,0.893512075,0.260749589,0.99982358,0.143448679,0.99982358,0.143448679,0.658928622
19.9,0.352052331,0.054981696,0.187221104,0.055533963,0.107436189,0.91905606,0.694819262,0.452790583,0.151145351,0.293857389,0.966179497,0.137667322,0.966179497,0.054981696,0.364395062
20,0.708493577,0.01518633,0.481160185,0.082026451,0.552707382,0.219307762,0.859897445,0.442145146,0.382084269,0.402140342,0.113186978,0.392222392,0.859897445,0.01518633,0.387546522
20.1,0.408965126,0.104817434,0.127272651,0.011417144,0.636820402,0.970682366,0.36348551,0.539850002,0.364252921,0.228894486,0.106077941,0.115295321,0.970682366,0.011417144,0.331485942
20.2,0.265037665,0.342432953,0.501128222,0.511520206,0.83581134,0.840676383,0.272701463,0.517818569,0.044561754,0.480082351,0.586114761,0.855823835,0.855823835,0.044561754,0.504475792
20.3,0.731871756,0.55785205,0.779981899,0.410893107,0.791181004,0.405078932,0.903625182,0.70529615,0.923992121,0.843540601,0.655003527,0.796178916,0.923992121,0.405078932,0.708707937
20.4,0.582939359,0.951150022,0.868904249,0.492064611,0.009923308,0.108582331,0.382533653,0.180727068,0.607593029,0.275441265,0.386223896,0.322708881,0.951150022,0.009923308,0.430732639
20.5,0.393429761,0.770865222,0.736672786,0.777955424,0.202188692,0.745697789,0.315921414,0.11684288,0.623580732,0.233791734,0.094367453,0.374123113,0.777955424,0.094367453,0.448786417
20.6,0.215283265,0.702841348,0.240824189,0.803272085,0.983927163,0.221029295,0.945211497,0.4441955,0.217971785,0.938484712,0.141933687,0.032743146,0.983927163,0.032743146,0.490643139
20.7,0.21863285,0.310177057,0.281159068,0.094320643,0.758697799,0.741121533,0.646125998,0.35688807,0.466058096,0.04218525,0.506220642,0.956928534,0.956928534,0.04218525,0.448209628
20.8,0.653201197,0.687526395,0.792131282,0.800620733,0.623520438,0.981742001,0.609386017,0.36310958,0.050731792,0.305373256,0.703100427,0.690621269,0.981742001,0.050731792,0.605088699
20.9,0.029582405,0.50022872,0.640498399,0.505678872,0.466511986,0.753325739,0.59056863,0.325259886,0.074890499,0.467376819,0.653601895,0.555421298,0.753325739,0.029582405,0.463578762
21,0.854216526,0.325416326,0.22400673,0.910870634,0.934940561,0.900885892,0.606185286,0.696944897,0.391537509,0.216178645,0.894349002,0.304947459,0.934940561,0.216178645,0.605039956
21.1,0.983481219,0.774342749,0.613377755,0.882152607,0.771929917,0.70588008,0.793691147,0.534569164,0.983719302,0.923702298,0.35128075,0.389302127,0.983719302,0.35128075,0.725619093
21.2,0.587018112,0.738235124,0.467151346,0.142635537,0.005888969,0.426061568,0.693015177,0.688207422,0.271557581,0.237303054,0.455870576,0.512370698,0.738235124,0.005888969,0.43544293
21.3,0.990867409,0.091285665,0.60126299,0.569064727,0.308880129,0.254420688,0.440270506,0.858701958,0.399069192,0.495238448,0.680278132,0.605561293,0.990867409,0.091285665,0.524575095
21.4,0.387334875,0.506775514,0.437602491,0.457933276,0.146026664,0.647617386,0.401573686,0.374753132,0.379027719,0.733814691,0.694256804,0.746750987,0.746750987,0.146026664,0.492788935
21.5,0.904193702,0.202819399,0.995462983,0.580007953,0.934950148,0.544663955,0.143012972,0.414312916,0.420649928,0.204640403,0.687034934,0.493898695,0.995462983,0.143012972,0.543803999
21.6,0.422389702,0.846885051,0.807598213,0.765349706,0.3243103,0.917669651,0.340625232,0.128486828,0.143133676,0.444170995,0.284494842,0.959962535,0.959962535,0.128486828,0.532089728
21.7,0.18840385,0.269786395,0.312589915,0.181450111,0.211484332,0.456189876,0.82802158,0.614091421,0.783065284,0.719119281,0.088976019,0.887321005,0.887321005,0.088976019,0.461708256
21.8,0.337078502,0.830329808,0.899431407,0.204661815,0.058596917,0.300299629,0.455587331,0.389840106,0.992380965,0.460280876,0.908008459,0.465710955,0.992380965,0.058596917,0.525183898
21.9,0.018224341,0.846930672,0.427135523,0.868576054,0.998838787,0.443854503,0.746186517,0.251899837,0.729126558,0.19244369,0.019077373,0.512488231,0.998838787,0.018224341,0.504565174
22,0.47044822,0.03564558,0.217667333,0.137613121,0.492917836,0.348867748,0.324325364,0.288273473,0.508868997,0.696669821,0.957689308,0.634388611,0.957689308,0.03564558,0.426114617
22.1,0.279538713,0.699434134,0.772065276,0.969329056,0.536183899,0.618699646,0.116417357,0.661907743,0.06013921,0.537274906,0.710138367,0.71849357,0.969329056,0.06013921,0.556635156
22.2,0.028670606,0.07168868,0.645976261,0.552683933,0.930778474,0.806316748,0.705404332,0.058796105,0.410577482,0.448883705,0.649868665,0.050567819,0.930778474,0.028670606,0.446684401
22.3,0.112246611,0.520929826,0.676033839,0.348460851,0.052223627,0.658499512,0.652200609,0.296425221,0.164357668,0.053671197,0.188660714,0.69584247,0.69584247,0.052223627,0.368296012
22.4,0.09234795,0.834513417,0.55500434,0.220399777,0.898155838,0.263497004,0.090013266,0.927216418,0.304921161,0.603090036,0.925560986,0.521038221,0.927216418,0.090013266,0.519646535
22.5,0.404862089,0.527014282,0.05170169,0.420927369,0.922389083,0.785416382,0.125700556,0.21180124,0.325157563,0.242074493,0.574032774,0.022580785,0.922389083,0.022580785,0.384471525
22.6,0.785778167,0.012836872,0.752877927,0.794980616,0.681261361,0.30025475,0.696545355,0.477219954,0.008694187,0.996217329,0.546727072,0.111567323,0.996217329,0.008694187,0.513746743
22.7,0.649331236,0.854208086,0.215513091,0.812258634,0.204580562,0.050475484,0.365410876,0.04568003,0.183879487,0.858529436,0.70268049,0.760064891,0.858529436,0.04568003,0.475217692
22.8,0.859223253,0.003635879,0.391446238,0.473056005,0.918895528,0.947124769,0.718882025,0.745545948,0.162675726,0.962991301,0.26623883,0.827033507,0.962991301,0.003635879,0.606395751
22.9,0.164358768,0.086326605,0.119032535,0.920380284,0.255790026,0.113753721,0.100183047,0.075044431,0.971902719,0.83713058,0.711160795,0.466695092,0.971902719,0.075044431,0.401813217
23,0.745256306,0.806629655,0.383060897,0.682520476,0.758851995,0.920371655,0.906633237,0.64061017,0.133733961,0.913252285,0.463042002,0.611602258,0.920371655,0.133733961,0.663797075
23.1,0.351473517,0.81597376,0.396191342,0.888798549,0.198959828,0.011293691,0.485861355,0.80613394,0.948496573,0.180686391,0.794897286,0.267824944,0.948496573,0.011293691,0.512215931
23.2,0.361223305,0.885111112,0.168642752,0.769375865,0.934051921,0.246839199,0.621510271,0.246279395,0.286159771,0.956545676,0.676492877,0.085046027,0.956545676,0.085046027,0.519773181
23.3,0.443561135,0.397809649,0.363874024,0.216107192,0.37599279,0.986717133,0.043045502,0.037947986,0.239360856,0.825733174,0.739803823,0.940161915,0.986717133,0.037947986,0.467509598
23.4,0.010634695,0.91400602,0.804441669,0.007709242,0.030566805,0.750778854,0.440641196,0.23322028,0.546545189,0.445406847,0.202827173,0.223529856,0.91400602,0.007709242,0.384192319
23.5,0.50930831,0.316958011,0.737099394,0.324302306,0.744652705,0.877563925,0.988688997,0.231800627,0.16307538,0.598129581,0.760917606,0.686994856,0.988688997,0.16307538,0.578290975
23.6,0.313475326,0.6937635,0.938597107,0.193842299,0.968815852,0.22053509,0.328604201,0.022967505,0.704420996,0.367525621,0.023041724,0.409589209,0.968815852,0.022967505,0.432098202
23.7,0.3418614,0.317109489,0.356502519,0.53717747,0.302302288,0.130329039,0.734481806,0.594395902,0.260563163,0.287586647,0.93102033,0.04387189,0.93102033,0.04387189,0.403100162
23.8,0.117185605,0.501287909,0.163376304,0.958722388,0.395466329,0.726185165,0.41943825,0.124206308,0.348200617,0.808120209,0.856148549,0.850752272,0.958722388,0.117185605,0.522424159
23.9,0.217006997,0.405185865,0.857151024,0.068033485,0.493206968,0.22329705,0.757744692,0.675802773,0.298455039,0.735564186,0.239520255,0.361266873,0.857151024,0.068033485,0.444352934
24,0.53621327,0.779068475,0.504426095,0.791169821,0.53063388,0.307665497,0.878951977,0.498097546,0.518637168,0.079311486,0.083957875,0.321654695,0.878951977,0.079311486,0.485815649
24.1,0.752294778,0.886419871,0.795379495,0.069022128,0.398305058,0.272340982,0.274226143,0.907960756,0.880201488,0.5359814,0.201631109,0.530574465,0.907960756,0.069022128,0.54202814
24.2,0.576241884,0.52784311,0.624662542,0.486346449,0.925903901,0.115453748,0.981959557,0.296003215,0.484605963,0.635235865,0.797169316,0.775314704,0.981959557,0.115453748,0.602228354
24.3,0.313560966,0.540211497,0.040543574,0.807267166,0.432544734,0.982185246,0.269570102,0.334423105,0.96636599,0.285791312,0.365863365,0.0338426,0.982185246,0.0338426,0.447680805
24.4,0.36790789,0.569462159,0.629953872,0.76751452,0.683147417,0.896905302,0.294405074,0.151318417,0.983657178,0.078580956,0.808436752,0.653686535,0.983657178,0.078580956,0.573748006
24.5,0.384983461,0.47602956,0.164832868,0.324443209,0.736066201,0.513035833,0.376759873,0.305596125,0.221178801,0.811036057,0.991656093,0.965315705,0.991656093,0.164832868,0.522577816
24.6,0.403834355,0.120311608,0.095945331,0.92787027,0.267396318,0.061182606,0.354125504,0.222937509,0.042444545,0.98207887,0.184696876,0.889194689,0.98207887,0.042444545,0.379334874
24.7,0.239619793,0.273733149,0.229105971,0.245776938,0.71483042,0.436656967,0.577516234,0.822203145,0.268747187,0.444504218,0.929652935,0.44212451,0.929652935,0.229105971,0.468705956
24.8,0.14601259,0.254493431,0.975790816,0.444120427,0.675206829,0.440157073,0.250352611,0.302703443,0.340505967,0.719047032,0.982460733,0.086314618,0.982460733,0.086314618,0.468097131
24.9,0.21014628,0.452568127,0.814709474,0.244123837,0.793621197,0.823108631,0.767879885,0.533270186,0.104729553,0.393431672,0.680935429,0.748942961,0.823108631,0.104729553,0.547288936
